high,low,n_items,n_flagged,precision,recall,review_load,cost_per_1000_usd,recall_RUSHED,recall_BOILERPLATE,recall_POSITION_BIAS,recall_SELF_CONTRADICTION
0.6,0.1,300,19,1.0,0.25333333333333335,0.07333333333333333,0.0,1.0,0.0,0.0,0.0
0.6,0.15,300,19,1.0,0.25333333333333335,0.07333333333333333,0.0,1.0,0.0,0.0,0.0
0.6,0.2,300,38,1.0,0.5066666666666667,0.01,0.0,1.0,1.0,0.0,0.0
0.6,0.25,300,41,1.0,0.5466666666666666,0.0,0.0,1.0,1.0,0.0,0.16666666666666666
0.6,0.3,300,41,1.0,0.5466666666666666,0.0,0.0,1.0,1.0,0.0,0.16666666666666666
0.6,0.35,300,41,1.0,0.5466666666666666,0.0,0.0,1.0,1.0,0.0,0.16666666666666666
0.6,0.4,300,41,1.0,0.5466666666666666,0.0,0.0,1.0,1.0,0.0,0.16666666666666666
0.6,0.45,300,41,1.0,0.5466666666666666,0.0,0.0,1.0,1.0,0.0,0.16666666666666666
0.6,0.5,300,41,1.0,0.5466666666666666,0.0,0.0,1.0,1.0,0.0,0.16666666666666666
0.65,0.1,300,19,1.0,0.25333333333333335,0.18666666666666668,0.0,1.0,0.0,0.0,0.0
0.65,0.15,300,19,1.0,0.25333333333333335,0.18666666666666668,0.0,1.0,0.0,0.0,0.0
0.65,0.2,300,38,1.0,0.5066666666666667,0.12333333333333334,0.0,1.0,1.0,0.0,0.0
0.65,0.25,300,41,1.0,0.5466666666666666,0.11333333333333333,0.0,1.0,1.0,0.0,0.16666666666666666
0.65,0.3,300,41,1.0,0.5466666666666666,0.11333333333333333,0.0,1.0,1.0,0.0,0.16666666666666666
0.65,0.35,300,41,1.0,0.5466666666666666,0.11333333333333333,0.0,1.0,1.0,0.0,0.16666666666666666
0.65,0.4,300,41,1.0,0.5466666666666666,0.11333333333333333,0.0,1.0,1.0,0.0,0.16666666666666666
0.65,0.45,300,41,1.0,0.5466666666666666,0.11333333333333333,0.0,1.0,1.0,0.0,0.16666666666666666
0.65,0.5,300,41,1.0,0.5466666666666666,0.11333333333333333,0.0,1.0,1.0,0.0,0.16666666666666666
0.7,0.1,300,19,1.0,0.25333333333333335,0.49333333333333335,0.0,1.0,0.0,0.0,0.0
0.7,0.15,300,19,1.0,0.25333333333333335,0.49333333333333335,0.0,1.0,0.0,0.0,0.0
0.7,0.2,300,38,1.0,0.5066666666666667,0.43,0.0,1.0,1.0,0.0,0.0
0.7,0.25,300,41,1.0,0.5466666666666666,0.42,0.0,1.0,1.0,0.0,0.16666666666666666
0.7,0.3,300,41,1.0,0.5466666666666666,0.42,0.0,1.0,1.0,0.0,0.16666666666666666
0.7,0.35,300,41,1.0,0.5466666666666666,0.42,0.0,1.0,1.0,0.0,0.16666666666666666
0.7,0.4,300,41,1.0,0.5466666666666666,0.42,0.0,1.0,1.0,0.0,0.16666666666666666
0.7,0.45,300,41,1.0,0.5466666666666666,0.42,0.0,1.0,1.0,0.0,0.16666666666666666
0.7,0.5,300,41,1.0,0.5466666666666666,0.42,0.0,1.0,1.0,0.0,0.16666666666666666
0.75,0.1,300,19,1.0,0.25333333333333335,0.6,0.0,1.0,0.0,0.0,0.0
0.75,0.15,300,19,1.0,0.25333333333333335,0.6,0.0,1.0,0.0,0.0,0.0
0.75,0.2,300,38,1.0,0.5066666666666667,0.5366666666666666,0.0,1.0,1.0,0.0,0.0
0.75,0.25,300,41,1.0,0.5466666666666666,0.5266666666666666,0.0,1.0,1.0,0.0,0.16666666666666666
0.75,0.3,300,41,1.0,0.5466666666666666,0.5266666666666666,0.0,1.0,1.0,0.0,0.16666666666666666
0.75,0.35,300,41,1.0,0.5466666666666666,0.5266666666666666,0.0,1.0,1.0,0.0,0.16666666666666666
0.75,0.4,300,41,1.0,0.5466666666666666,0.5266666666666666,0.0,1.0,1.0,0.0,0.16666666666666666
0.75,0.45,300,41,1.0,0.5466666666666666,0.5266666666666666,0.0,1.0,1.0,0.0,0.16666666666666666
0.75,0.5,300,41,1.0,0.5466666666666666,0.5266666666666666,0.0,1.0,1.0,0.0,0.16666666666666666
0.8,0.1,300,19,1.0,0.25333333333333335,0.6866666666666666,0.0,1.0,0.0,0.0,0.0
0.8,0.15,300,19,1.0,0.25333333333333335,0.6866666666666666,0.0,1.0,0.0,0.0,0.0
0.8,0.2,300,38,1.0,0.5066666666666667,0.6233333333333333,0.0,1.0,1.0,0.0,0.0
0.8,0.25,300,41,1.0,0.5466666666666666,0.6133333333333333,0.0,1.0,1.0,0.0,0.16666666666666666
0.8,0.3,300,41,1.0,0.5466666666666666,0.6133333333333333,0.0,1.0,1.0,0.0,0.16666666666666666
0.8,0.35,300,41,1.0,0.5466666666666666,0.6133333333333333,0.0,1.0,1.0,0.0,0.16666666666666666
0.8,0.4,300,41,1.0,0.5466666666666666,0.6133333333333333,0.0,1.0,1.0,0.0,0.16666666666666666
0.8,0.45,300,41,1.0,0.5466666666666666,0.6133333333333333,0.0,1.0,1.0,0.0,0.16666666666666666
0.8,0.5,300,41,1.0,0.5466666666666666,0.6133333333333333,0.0,1.0,1.0,0.0,0.16666666666666666
0.85,0.1,300,19,1.0,0.25333333333333335,0.8066666666666666,0.0,1.0,0.0,0.0,0.0
0.85,0.15,300,19,1.0,0.25333333333333335,0.8066666666666666,0.0,1.0,0.0,0.0,0.0
0.85,0.2,300,38,1.0,0.5066666666666667,0.7433333333333333,0.0,1.0,1.0,0.0,0.0
0.85,0.25,300,41,1.0,0.5466666666666666,0.7333333333333333,0.0,1.0,1.0,0.0,0.16666666666666666
0.85,0.3,300,41,1.0,0.5466666666666666,0.7333333333333333,0.0,1.0,1.0,0.0,0.16666666666666666
0.85,0.35,300,41,1.0,0.5466666666666666,0.7333333333333333,0.0,1.0,1.0,0.0,0.16666666666666666
0.85,0.4,300,41,1.0,0.5466666666666666,0.7333333333333333,0.0,1.0,1.0,0.0,0.16666666666666666
0.85,0.45,300,41,1.0,0.5466666666666666,0.7333333333333333,0.0,1.0,1.0,0.0,0.16666666666666666
0.85,0.5,300,41,1.0,0.5466666666666666,0.7333333333333333,0.0,1.0,1.0,0.0,0.16666666666666666
0.9,0.1,300,19,1.0,0.25333333333333335,0.9233333333333333,0.0,1.0,0.0,0.0,0.0
0.9,0.15,300,19,1.0,0.25333333333333335,0.9233333333333333,0.0,1.0,0.0,0.0,0.0
0.9,0.2,300,38,1.0,0.5066666666666667,0.86,0.0,1.0,1.0,0.0,0.0
0.9,0.25,300,41,1.0,0.5466666666666666,0.85,0.0,1.0,1.0,0.0,0.16666666666666666
0.9,0.3,300,41,1.0,0.5466666666666666,0.85,0.0,1.0,1.0,0.0,0.16666666666666666
0.9,0.35,300,41,1.0,0.5466666666666666,0.85,0.0,1.0,1.0,0.0,0.16666666666666666
0.9,0.4,300,41,1.0,0.5466666666666666,0.85,0.0,1.0,1.0,0.0,0.16666666666666666
0.9,0.45,300,41,1.0,0.5466666666666666,0.85,0.0,1.0,1.0,0.0,0.16666666666666666
0.9,0.5,300,41,1.0,0.5466666666666666,0.85,0.0,1.0,1.0,0.0,0.16666666666666666
