mode,high,low,n_items,n_flagged,n_escalated,precision,recall,catch_rate,review_load,cost_per_1000_usd,recall_RUSHED,catch_RUSHED,recall_BOILERPLATE,catch_BOILERPLATE,recall_POSITION_BIAS,catch_POSITION_BIAS,recall_SELF_CONTRADICTION,catch_SELF_CONTRADICTION
single,0.6,0.1,150,37,0,0.918918918918919,0.5151515151515151,0.5151515151515151,0.17333333333333334,22.995579999999993,0.8571428571428571,0.8571428571428571,0.25,0.25,0.16666666666666666,0.16666666666666666,1.0,1.0
single,0.6,0.15,150,37,0,0.918918918918919,0.5151515151515151,0.5151515151515151,0.17333333333333334,22.995579999999993,0.8571428571428571,0.8571428571428571,0.25,0.25,0.16666666666666666,0.16666666666666666,1.0,1.0
single,0.6,0.2,150,56,0,0.8571428571428571,0.7272727272727273,0.7272727272727273,0.04666666666666667,22.995579999999993,1.0,1.0,0.85,0.85,0.16666666666666666,0.16666666666666666,1.0,1.0
single,0.6,0.25,150,57,0,0.8596491228070176,0.7424242424242424,0.7424242424242424,0.04,22.995579999999993,1.0,1.0,0.85,0.85,0.2222222222222222,0.2222222222222222,1.0,1.0
single,0.6,0.3,150,57,0,0.8596491228070176,0.7424242424242424,0.7424242424242424,0.04,22.995579999999993,1.0,1.0,0.85,0.85,0.2222222222222222,0.2222222222222222,1.0,1.0
single,0.6,0.35,150,58,0,0.8448275862068966,0.7424242424242424,0.7424242424242424,0.03333333333333333,22.995579999999993,1.0,1.0,0.85,0.85,0.2222222222222222,0.2222222222222222,1.0,1.0
single,0.6,0.4,150,63,0,0.8253968253968254,0.7878787878787878,0.7878787878787878,0.0,22.995579999999993,1.0,1.0,1.0,1.0,0.2222222222222222,0.2222222222222222,1.0,1.0
single,0.6,0.45,150,63,0,0.8253968253968254,0.7878787878787878,0.7878787878787878,0.0,22.995579999999993,1.0,1.0,1.0,1.0,0.2222222222222222,0.2222222222222222,1.0,1.0
single,0.6,0.5,150,63,0,0.8253968253968254,0.7878787878787878,0.7878787878787878,0.0,22.995579999999993,1.0,1.0,1.0,1.0,0.2222222222222222,0.2222222222222222,1.0,1.0
single,0.65,0.1,150,37,0,0.918918918918919,0.5151515151515151,0.5151515151515151,0.19333333333333333,22.995579999999993,0.8571428571428571,0.8571428571428571,0.25,0.25,0.16666666666666666,0.16666666666666666,1.0,1.0
single,0.65,0.15,150,37,0,0.918918918918919,0.5151515151515151,0.5151515151515151,0.19333333333333333,22.995579999999993,0.8571428571428571,0.8571428571428571,0.25,0.25,0.16666666666666666,0.16666666666666666,1.0,1.0
single,0.65,0.2,150,56,0,0.8571428571428571,0.7272727272727273,0.7272727272727273,0.06666666666666667,22.995579999999993,1.0,1.0,0.85,0.85,0.16666666666666666,0.16666666666666666,1.0,1.0
single,0.65,0.25,150,57,0,0.8596491228070176,0.7424242424242424,0.7424242424242424,0.06,22.995579999999993,1.0,1.0,0.85,0.85,0.2222222222222222,0.2222222222222222,1.0,1.0
single,0.65,0.3,150,57,0,0.8596491228070176,0.7424242424242424,0.7424242424242424,0.06,22.995579999999993,1.0,1.0,0.85,0.85,0.2222222222222222,0.2222222222222222,1.0,1.0
single,0.65,0.35,150,58,0,0.8448275862068966,0.7424242424242424,0.7424242424242424,0.05333333333333334,22.995579999999993,1.0,1.0,0.85,0.85,0.2222222222222222,0.2222222222222222,1.0,1.0
single,0.65,0.4,150,63,0,0.8253968253968254,0.7878787878787878,0.7878787878787878,0.02,22.995579999999993,1.0,1.0,1.0,1.0,0.2222222222222222,0.2222222222222222,1.0,1.0
single,0.65,0.45,150,63,0,0.8253968253968254,0.7878787878787878,0.7878787878787878,0.02,22.995579999999993,1.0,1.0,1.0,1.0,0.2222222222222222,0.2222222222222222,1.0,1.0
single,0.65,0.5,150,63,0,0.8253968253968254,0.7878787878787878,0.7878787878787878,0.02,22.995579999999993,1.0,1.0,1.0,1.0,0.2222222222222222,0.2222222222222222,1.0,1.0
single,0.7,0.1,150,37,0,0.918918918918919,0.5151515151515151,0.5151515151515151,0.2,22.995579999999993,0.8571428571428571,0.8571428571428571,0.25,0.25,0.16666666666666666,0.16666666666666666,1.0,1.0
single,0.7,0.15,150,37,0,0.918918918918919,0.5151515151515151,0.5151515151515151,0.2,22.995579999999993,0.8571428571428571,0.8571428571428571,0.25,0.25,0.16666666666666666,0.16666666666666666,1.0,1.0
single,0.7,0.2,150,56,0,0.8571428571428571,0.7272727272727273,0.7272727272727273,0.07333333333333333,22.995579999999993,1.0,1.0,0.85,0.85,0.16666666666666666,0.16666666666666666,1.0,1.0
single,0.7,0.25,150,57,0,0.8596491228070176,0.7424242424242424,0.7424242424242424,0.06666666666666667,22.995579999999993,1.0,1.0,0.85,0.85,0.2222222222222222,0.2222222222222222,1.0,1.0
single,0.7,0.3,150,57,0,0.8596491228070176,0.7424242424242424,0.7424242424242424,0.06666666666666667,22.995579999999993,1.0,1.0,0.85,0.85,0.2222222222222222,0.2222222222222222,1.0,1.0
single,0.7,0.35,150,58,0,0.8448275862068966,0.7424242424242424,0.7424242424242424,0.06,22.995579999999993,1.0,1.0,0.85,0.85,0.2222222222222222,0.2222222222222222,1.0,1.0
single,0.7,0.4,150,63,0,0.8253968253968254,0.7878787878787878,0.7878787878787878,0.02666666666666667,22.995579999999993,1.0,1.0,1.0,1.0,0.2222222222222222,0.2222222222222222,1.0,1.0
single,0.7,0.45,150,63,0,0.8253968253968254,0.7878787878787878,0.7878787878787878,0.02666666666666667,22.995579999999993,1.0,1.0,1.0,1.0,0.2222222222222222,0.2222222222222222,1.0,1.0
single,0.7,0.5,150,63,0,0.8253968253968254,0.7878787878787878,0.7878787878787878,0.02666666666666667,22.995579999999993,1.0,1.0,1.0,1.0,0.2222222222222222,0.2222222222222222,1.0,1.0
single,0.75,0.1,150,37,0,0.918918918918919,0.5151515151515151,0.5151515151515151,0.2,22.995579999999993,0.8571428571428571,0.8571428571428571,0.25,0.25,0.16666666666666666,0.16666666666666666,1.0,1.0
single,0.75,0.15,150,37,0,0.918918918918919,0.5151515151515151,0.5151515151515151,0.2,22.995579999999993,0.8571428571428571,0.8571428571428571,0.25,0.25,0.16666666666666666,0.16666666666666666,1.0,1.0
single,0.75,0.2,150,56,0,0.8571428571428571,0.7272727272727273,0.7272727272727273,0.07333333333333333,22.995579999999993,1.0,1.0,0.85,0.85,0.16666666666666666,0.16666666666666666,1.0,1.0
single,0.75,0.25,150,57,0,0.8596491228070176,0.7424242424242424,0.7424242424242424,0.06666666666666667,22.995579999999993,1.0,1.0,0.85,0.85,0.2222222222222222,0.2222222222222222,1.0,1.0
single,0.75,0.3,150,57,0,0.8596491228070176,0.7424242424242424,0.7424242424242424,0.06666666666666667,22.995579999999993,1.0,1.0,0.85,0.85,0.2222222222222222,0.2222222222222222,1.0,1.0
single,0.75,0.35,150,58,0,0.8448275862068966,0.7424242424242424,0.7424242424242424,0.06,22.995579999999993,1.0,1.0,0.85,0.85,0.2222222222222222,0.2222222222222222,1.0,1.0
single,0.75,0.4,150,63,0,0.8253968253968254,0.7878787878787878,0.7878787878787878,0.02666666666666667,22.995579999999993,1.0,1.0,1.0,1.0,0.2222222222222222,0.2222222222222222,1.0,1.0
single,0.75,0.45,150,63,0,0.8253968253968254,0.7878787878787878,0.7878787878787878,0.02666666666666667,22.995579999999993,1.0,1.0,1.0,1.0,0.2222222222222222,0.2222222222222222,1.0,1.0
single,0.75,0.5,150,63,0,0.8253968253968254,0.7878787878787878,0.7878787878787878,0.02666666666666667,22.995579999999993,1.0,1.0,1.0,1.0,0.2222222222222222,0.2222222222222222,1.0,1.0
single,0.8,0.1,150,37,0,0.918918918918919,0.5151515151515151,0.5151515151515151,0.21333333333333335,22.995579999999993,0.8571428571428571,0.8571428571428571,0.25,0.25,0.16666666666666666,0.16666666666666666,1.0,1.0
single,0.8,0.15,150,37,0,0.918918918918919,0.5151515151515151,0.5151515151515151,0.21333333333333335,22.995579999999993,0.8571428571428571,0.8571428571428571,0.25,0.25,0.16666666666666666,0.16666666666666666,1.0,1.0
single,0.8,0.2,150,56,0,0.8571428571428571,0.7272727272727273,0.7272727272727273,0.08666666666666667,22.995579999999993,1.0,1.0,0.85,0.85,0.16666666666666666,0.16666666666666666,1.0,1.0
single,0.8,0.25,150,57,0,0.8596491228070176,0.7424242424242424,0.7424242424242424,0.08,22.995579999999993,1.0,1.0,0.85,0.85,0.2222222222222222,0.2222222222222222,1.0,1.0
single,0.8,0.3,150,57,0,0.8596491228070176,0.7424242424242424,0.7424242424242424,0.08,22.995579999999993,1.0,1.0,0.85,0.85,0.2222222222222222,0.2222222222222222,1.0,1.0
single,0.8,0.35,150,58,0,0.8448275862068966,0.7424242424242424,0.7424242424242424,0.07333333333333333,22.995579999999993,1.0,1.0,0.85,0.85,0.2222222222222222,0.2222222222222222,1.0,1.0
single,0.8,0.4,150,63,0,0.8253968253968254,0.7878787878787878,0.7878787878787878,0.04,22.995579999999993,1.0,1.0,1.0,1.0,0.2222222222222222,0.2222222222222222,1.0,1.0
single,0.8,0.45,150,63,0,0.8253968253968254,0.7878787878787878,0.7878787878787878,0.04,22.995579999999993,1.0,1.0,1.0,1.0,0.2222222222222222,0.2222222222222222,1.0,1.0
single,0.8,0.5,150,63,0,0.8253968253968254,0.7878787878787878,0.7878787878787878,0.04,22.995579999999993,1.0,1.0,1.0,1.0,0.2222222222222222,0.2222222222222222,1.0,1.0
single,0.85,0.1,150,37,0,0.918918918918919,0.5151515151515151,0.5151515151515151,0.21333333333333335,22.995579999999993,0.8571428571428571,0.8571428571428571,0.25,0.25,0.16666666666666666,0.16666666666666666,1.0,1.0
single,0.85,0.15,150,37,0,0.918918918918919,0.5151515151515151,0.5151515151515151,0.21333333333333335,22.995579999999993,0.8571428571428571,0.8571428571428571,0.25,0.25,0.16666666666666666,0.16666666666666666,1.0,1.0
single,0.85,0.2,150,56,0,0.8571428571428571,0.7272727272727273,0.7272727272727273,0.08666666666666667,22.995579999999993,1.0,1.0,0.85,0.85,0.16666666666666666,0.16666666666666666,1.0,1.0
single,0.85,0.25,150,57,0,0.8596491228070176,0.7424242424242424,0.7424242424242424,0.08,22.995579999999993,1.0,1.0,0.85,0.85,0.2222222222222222,0.2222222222222222,1.0,1.0
single,0.85,0.3,150,57,0,0.8596491228070176,0.7424242424242424,0.7424242424242424,0.08,22.995579999999993,1.0,1.0,0.85,0.85,0.2222222222222222,0.2222222222222222,1.0,1.0
single,0.85,0.35,150,58,0,0.8448275862068966,0.7424242424242424,0.7424242424242424,0.07333333333333333,22.995579999999993,1.0,1.0,0.85,0.85,0.2222222222222222,0.2222222222222222,1.0,1.0
single,0.85,0.4,150,63,0,0.8253968253968254,0.7878787878787878,0.7878787878787878,0.04,22.995579999999993,1.0,1.0,1.0,1.0,0.2222222222222222,0.2222222222222222,1.0,1.0
single,0.85,0.45,150,63,0,0.8253968253968254,0.7878787878787878,0.7878787878787878,0.04,22.995579999999993,1.0,1.0,1.0,1.0,0.2222222222222222,0.2222222222222222,1.0,1.0
single,0.85,0.5,150,63,0,0.8253968253968254,0.7878787878787878,0.7878787878787878,0.04,22.995579999999993,1.0,1.0,1.0,1.0,0.2222222222222222,0.2222222222222222,1.0,1.0
single,0.9,0.1,150,37,0,0.918918918918919,0.5151515151515151,0.5151515151515151,0.4666666666666667,22.995579999999993,0.8571428571428571,0.8571428571428571,0.25,0.25,0.16666666666666666,0.16666666666666666,1.0,1.0
single,0.9,0.15,150,37,0,0.918918918918919,0.5151515151515151,0.5151515151515151,0.4666666666666667,22.995579999999993,0.8571428571428571,0.8571428571428571,0.25,0.25,0.16666666666666666,0.16666666666666666,1.0,1.0
single,0.9,0.2,150,56,0,0.8571428571428571,0.7272727272727273,0.7272727272727273,0.34,22.995579999999993,1.0,1.0,0.85,0.85,0.16666666666666666,0.16666666666666666,1.0,1.0
single,0.9,0.25,150,57,0,0.8596491228070176,0.7424242424242424,0.7424242424242424,0.3333333333333333,22.995579999999993,1.0,1.0,0.85,0.85,0.2222222222222222,0.2222222222222222,1.0,1.0
single,0.9,0.3,150,57,0,0.8596491228070176,0.7424242424242424,0.7424242424242424,0.3333333333333333,22.995579999999993,1.0,1.0,0.85,0.85,0.2222222222222222,0.2222222222222222,1.0,1.0
single,0.9,0.35,150,58,0,0.8448275862068966,0.7424242424242424,0.7424242424242424,0.32666666666666666,22.995579999999993,1.0,1.0,0.85,0.85,0.2222222222222222,0.2222222222222222,1.0,1.0
single,0.9,0.4,150,63,0,0.8253968253968254,0.7878787878787878,0.7878787878787878,0.29333333333333333,22.995579999999993,1.0,1.0,1.0,1.0,0.2222222222222222,0.2222222222222222,1.0,1.0
single,0.9,0.45,150,63,0,0.8253968253968254,0.7878787878787878,0.7878787878787878,0.29333333333333333,22.995579999999993,1.0,1.0,1.0,1.0,0.2222222222222222,0.2222222222222222,1.0,1.0
single,0.9,0.5,150,63,0,0.8253968253968254,0.7878787878787878,0.7878787878787878,0.29333333333333333,22.995579999999993,1.0,1.0,1.0,1.0,0.2222222222222222,0.2222222222222222,1.0,1.0
agent,0.6,0.1,150,43,23,0.9767441860465116,0.6363636363636364,0.7727272727272727,0.29333333333333333,74.76551999999991,0.7142857142857143,0.8571428571428571,1.0,1.0,0.05555555555555555,0.2777777777777778,0.7857142857142857,1.0
agent,0.6,0.15,150,43,23,0.9767441860465116,0.6363636363636364,0.7727272727272727,0.29333333333333333,74.76551999999991,0.7142857142857143,0.8571428571428571,1.0,1.0,0.05555555555555555,0.2777777777777778,0.7857142857142857,1.0
agent,0.6,0.2,150,54,23,0.8703703703703703,0.7121212121212122,0.8484848484848485,0.22,74.76551999999991,0.8571428571428571,1.0,1.0,1.0,0.2222222222222222,0.4444444444444444,0.7857142857142857,1.0
agent,0.6,0.25,150,55,23,0.8545454545454545,0.7121212121212122,0.8484848484848485,0.21333333333333335,74.76551999999991,0.8571428571428571,1.0,1.0,1.0,0.2222222222222222,0.4444444444444444,0.7857142857142857,1.0
agent,0.6,0.3,150,55,23,0.8545454545454545,0.7121212121212122,0.8484848484848485,0.21333333333333335,74.76551999999991,0.8571428571428571,1.0,1.0,1.0,0.2222222222222222,0.4444444444444444,0.7857142857142857,1.0
agent,0.6,0.35,150,59,23,0.7966101694915254,0.7121212121212122,0.8484848484848485,0.18666666666666668,74.76551999999991,0.8571428571428571,1.0,1.0,1.0,0.2222222222222222,0.4444444444444444,0.7857142857142857,1.0
agent,0.6,0.4,150,64,23,0.765625,0.7424242424242424,0.8787878787878788,0.15333333333333332,74.76551999999991,0.8571428571428571,1.0,1.0,1.0,0.3333333333333333,0.5555555555555556,0.7857142857142857,1.0
agent,0.6,0.45,150,64,23,0.765625,0.7424242424242424,0.8787878787878788,0.15333333333333332,74.76551999999991,0.8571428571428571,1.0,1.0,1.0,0.3333333333333333,0.5555555555555556,0.7857142857142857,1.0
agent,0.6,0.5,150,64,23,0.765625,0.7424242424242424,0.8787878787878788,0.15333333333333332,74.76551999999991,0.8571428571428571,1.0,1.0,1.0,0.3333333333333333,0.5555555555555556,0.7857142857142857,1.0
agent,0.65,0.1,150,43,23,0.9767441860465116,0.6363636363636364,0.7727272727272727,0.3333333333333333,74.76551999999991,0.7142857142857143,0.8571428571428571,1.0,1.0,0.05555555555555555,0.2777777777777778,0.7857142857142857,1.0
agent,0.65,0.15,150,43,23,0.9767441860465116,0.6363636363636364,0.7727272727272727,0.3333333333333333,74.76551999999991,0.7142857142857143,0.8571428571428571,1.0,1.0,0.05555555555555555,0.2777777777777778,0.7857142857142857,1.0
agent,0.65,0.2,150,54,23,0.8703703703703703,0.7121212121212122,0.8484848484848485,0.26,74.76551999999991,0.8571428571428571,1.0,1.0,1.0,0.2222222222222222,0.4444444444444444,0.7857142857142857,1.0
agent,0.65,0.25,150,55,23,0.8545454545454545,0.7121212121212122,0.8484848484848485,0.25333333333333335,74.76551999999991,0.8571428571428571,1.0,1.0,1.0,0.2222222222222222,0.4444444444444444,0.7857142857142857,1.0
agent,0.65,0.3,150,55,23,0.8545454545454545,0.7121212121212122,0.8484848484848485,0.25333333333333335,74.76551999999991,0.8571428571428571,1.0,1.0,1.0,0.2222222222222222,0.4444444444444444,0.7857142857142857,1.0
agent,0.65,0.35,150,59,23,0.7966101694915254,0.7121212121212122,0.8484848484848485,0.22666666666666666,74.76551999999991,0.8571428571428571,1.0,1.0,1.0,0.2222222222222222,0.4444444444444444,0.7857142857142857,1.0
agent,0.65,0.4,150,64,23,0.765625,0.7424242424242424,0.8787878787878788,0.19333333333333333,74.76551999999991,0.8571428571428571,1.0,1.0,1.0,0.3333333333333333,0.5555555555555556,0.7857142857142857,1.0
agent,0.65,0.45,150,64,23,0.765625,0.7424242424242424,0.8787878787878788,0.19333333333333333,74.76551999999991,0.8571428571428571,1.0,1.0,1.0,0.3333333333333333,0.5555555555555556,0.7857142857142857,1.0
agent,0.65,0.5,150,64,23,0.765625,0.7424242424242424,0.8787878787878788,0.19333333333333333,74.76551999999991,0.8571428571428571,1.0,1.0,1.0,0.3333333333333333,0.5555555555555556,0.7857142857142857,1.0
agent,0.7,0.1,150,43,23,0.9767441860465116,0.6363636363636364,0.7727272727272727,0.36666666666666664,74.76551999999991,0.7142857142857143,0.8571428571428571,1.0,1.0,0.05555555555555555,0.2777777777777778,0.7857142857142857,1.0
agent,0.7,0.15,150,43,23,0.9767441860465116,0.6363636363636364,0.7727272727272727,0.36666666666666664,74.76551999999991,0.7142857142857143,0.8571428571428571,1.0,1.0,0.05555555555555555,0.2777777777777778,0.7857142857142857,1.0
agent,0.7,0.2,150,54,23,0.8703703703703703,0.7121212121212122,0.8484848484848485,0.29333333333333333,74.76551999999991,0.8571428571428571,1.0,1.0,1.0,0.2222222222222222,0.4444444444444444,0.7857142857142857,1.0
agent,0.7,0.25,150,55,23,0.8545454545454545,0.7121212121212122,0.8484848484848485,0.2866666666666667,74.76551999999991,0.8571428571428571,1.0,1.0,1.0,0.2222222222222222,0.4444444444444444,0.7857142857142857,1.0
agent,0.7,0.3,150,55,23,0.8545454545454545,0.7121212121212122,0.8484848484848485,0.2866666666666667,74.76551999999991,0.8571428571428571,1.0,1.0,1.0,0.2222222222222222,0.4444444444444444,0.7857142857142857,1.0
agent,0.7,0.35,150,59,23,0.7966101694915254,0.7121212121212122,0.8484848484848485,0.26,74.76551999999991,0.8571428571428571,1.0,1.0,1.0,0.2222222222222222,0.4444444444444444,0.7857142857142857,1.0
agent,0.7,0.4,150,64,23,0.765625,0.7424242424242424,0.8787878787878788,0.22666666666666666,74.76551999999991,0.8571428571428571,1.0,1.0,1.0,0.3333333333333333,0.5555555555555556,0.7857142857142857,1.0
agent,0.7,0.45,150,64,23,0.765625,0.7424242424242424,0.8787878787878788,0.22666666666666666,74.76551999999991,0.8571428571428571,1.0,1.0,1.0,0.3333333333333333,0.5555555555555556,0.7857142857142857,1.0
agent,0.7,0.5,150,64,23,0.765625,0.7424242424242424,0.8787878787878788,0.22666666666666666,74.76551999999991,0.8571428571428571,1.0,1.0,1.0,0.3333333333333333,0.5555555555555556,0.7857142857142857,1.0
agent,0.75,0.1,150,43,23,0.9767441860465116,0.6363636363636364,0.7727272727272727,0.37333333333333335,74.76551999999991,0.7142857142857143,0.8571428571428571,1.0,1.0,0.05555555555555555,0.2777777777777778,0.7857142857142857,1.0
agent,0.75,0.15,150,43,23,0.9767441860465116,0.6363636363636364,0.7727272727272727,0.37333333333333335,74.76551999999991,0.7142857142857143,0.8571428571428571,1.0,1.0,0.05555555555555555,0.2777777777777778,0.7857142857142857,1.0
agent,0.75,0.2,150,54,23,0.8703703703703703,0.7121212121212122,0.8484848484848485,0.3,74.76551999999991,0.8571428571428571,1.0,1.0,1.0,0.2222222222222222,0.4444444444444444,0.7857142857142857,1.0
agent,0.75,0.25,150,55,23,0.8545454545454545,0.7121212121212122,0.8484848484848485,0.29333333333333333,74.76551999999991,0.8571428571428571,1.0,1.0,1.0,0.2222222222222222,0.4444444444444444,0.7857142857142857,1.0
agent,0.75,0.3,150,55,23,0.8545454545454545,0.7121212121212122,0.8484848484848485,0.29333333333333333,74.76551999999991,0.8571428571428571,1.0,1.0,1.0,0.2222222222222222,0.4444444444444444,0.7857142857142857,1.0
agent,0.75,0.35,150,59,23,0.7966101694915254,0.7121212121212122,0.8484848484848485,0.26666666666666666,74.76551999999991,0.8571428571428571,1.0,1.0,1.0,0.2222222222222222,0.4444444444444444,0.7857142857142857,1.0
agent,0.75,0.4,150,64,23,0.765625,0.7424242424242424,0.8787878787878788,0.23333333333333334,74.76551999999991,0.8571428571428571,1.0,1.0,1.0,0.3333333333333333,0.5555555555555556,0.7857142857142857,1.0
agent,0.75,0.45,150,64,23,0.765625,0.7424242424242424,0.8787878787878788,0.23333333333333334,74.76551999999991,0.8571428571428571,1.0,1.0,1.0,0.3333333333333333,0.5555555555555556,0.7857142857142857,1.0
agent,0.75,0.5,150,64,23,0.765625,0.7424242424242424,0.8787878787878788,0.23333333333333334,74.76551999999991,0.8571428571428571,1.0,1.0,1.0,0.3333333333333333,0.5555555555555556,0.7857142857142857,1.0
agent,0.8,0.1,150,43,23,0.9767441860465116,0.6363636363636364,0.7727272727272727,0.38666666666666666,74.76551999999991,0.7142857142857143,0.8571428571428571,1.0,1.0,0.05555555555555555,0.2777777777777778,0.7857142857142857,1.0
agent,0.8,0.15,150,43,23,0.9767441860465116,0.6363636363636364,0.7727272727272727,0.38666666666666666,74.76551999999991,0.7142857142857143,0.8571428571428571,1.0,1.0,0.05555555555555555,0.2777777777777778,0.7857142857142857,1.0
agent,0.8,0.2,150,54,23,0.8703703703703703,0.7121212121212122,0.8484848484848485,0.31333333333333335,74.76551999999991,0.8571428571428571,1.0,1.0,1.0,0.2222222222222222,0.4444444444444444,0.7857142857142857,1.0
agent,0.8,0.25,150,55,23,0.8545454545454545,0.7121212121212122,0.8484848484848485,0.30666666666666664,74.76551999999991,0.8571428571428571,1.0,1.0,1.0,0.2222222222222222,0.4444444444444444,0.7857142857142857,1.0
agent,0.8,0.3,150,55,23,0.8545454545454545,0.7121212121212122,0.8484848484848485,0.30666666666666664,74.76551999999991,0.8571428571428571,1.0,1.0,1.0,0.2222222222222222,0.4444444444444444,0.7857142857142857,1.0
agent,0.8,0.35,150,59,23,0.7966101694915254,0.7121212121212122,0.8484848484848485,0.28,74.76551999999991,0.8571428571428571,1.0,1.0,1.0,0.2222222222222222,0.4444444444444444,0.7857142857142857,1.0
agent,0.8,0.4,150,64,23,0.765625,0.7424242424242424,0.8787878787878788,0.24666666666666667,74.76551999999991,0.8571428571428571,1.0,1.0,1.0,0.3333333333333333,0.5555555555555556,0.7857142857142857,1.0
agent,0.8,0.45,150,64,23,0.765625,0.7424242424242424,0.8787878787878788,0.24666666666666667,74.76551999999991,0.8571428571428571,1.0,1.0,1.0,0.3333333333333333,0.5555555555555556,0.7857142857142857,1.0
agent,0.8,0.5,150,64,23,0.765625,0.7424242424242424,0.8787878787878788,0.24666666666666667,74.76551999999991,0.8571428571428571,1.0,1.0,1.0,0.3333333333333333,0.5555555555555556,0.7857142857142857,1.0
agent,0.85,0.1,150,43,23,0.9767441860465116,0.6363636363636364,0.7727272727272727,0.4,74.76551999999991,0.7142857142857143,0.8571428571428571,1.0,1.0,0.05555555555555555,0.2777777777777778,0.7857142857142857,1.0
agent,0.85,0.15,150,43,23,0.9767441860465116,0.6363636363636364,0.7727272727272727,0.4,74.76551999999991,0.7142857142857143,0.8571428571428571,1.0,1.0,0.05555555555555555,0.2777777777777778,0.7857142857142857,1.0
agent,0.85,0.2,150,54,23,0.8703703703703703,0.7121212121212122,0.8484848484848485,0.32666666666666666,74.76551999999991,0.8571428571428571,1.0,1.0,1.0,0.2222222222222222,0.4444444444444444,0.7857142857142857,1.0
agent,0.85,0.25,150,55,23,0.8545454545454545,0.7121212121212122,0.8484848484848485,0.32,74.76551999999991,0.8571428571428571,1.0,1.0,1.0,0.2222222222222222,0.4444444444444444,0.7857142857142857,1.0
agent,0.85,0.3,150,55,23,0.8545454545454545,0.7121212121212122,0.8484848484848485,0.32,74.76551999999991,0.8571428571428571,1.0,1.0,1.0,0.2222222222222222,0.4444444444444444,0.7857142857142857,1.0
agent,0.85,0.35,150,59,23,0.7966101694915254,0.7121212121212122,0.8484848484848485,0.29333333333333333,74.76551999999991,0.8571428571428571,1.0,1.0,1.0,0.2222222222222222,0.4444444444444444,0.7857142857142857,1.0
agent,0.85,0.4,150,64,23,0.765625,0.7424242424242424,0.8787878787878788,0.26,74.76551999999991,0.8571428571428571,1.0,1.0,1.0,0.3333333333333333,0.5555555555555556,0.7857142857142857,1.0
agent,0.85,0.45,150,64,23,0.765625,0.7424242424242424,0.8787878787878788,0.26,74.76551999999991,0.8571428571428571,1.0,1.0,1.0,0.3333333333333333,0.5555555555555556,0.7857142857142857,1.0
agent,0.85,0.5,150,64,23,0.765625,0.7424242424242424,0.8787878787878788,0.26,74.76551999999991,0.8571428571428571,1.0,1.0,1.0,0.3333333333333333,0.5555555555555556,0.7857142857142857,1.0
agent,0.9,0.1,150,43,23,0.9767441860465116,0.6363636363636364,0.7727272727272727,0.5133333333333333,74.76551999999991,0.7142857142857143,0.8571428571428571,1.0,1.0,0.05555555555555555,0.2777777777777778,0.7857142857142857,1.0
agent,0.9,0.15,150,43,23,0.9767441860465116,0.6363636363636364,0.7727272727272727,0.5133333333333333,74.76551999999991,0.7142857142857143,0.8571428571428571,1.0,1.0,0.05555555555555555,0.2777777777777778,0.7857142857142857,1.0
agent,0.9,0.2,150,54,23,0.8703703703703703,0.7121212121212122,0.8484848484848485,0.44,74.76551999999991,0.8571428571428571,1.0,1.0,1.0,0.2222222222222222,0.4444444444444444,0.7857142857142857,1.0
agent,0.9,0.25,150,55,23,0.8545454545454545,0.7121212121212122,0.8484848484848485,0.43333333333333335,74.76551999999991,0.8571428571428571,1.0,1.0,1.0,0.2222222222222222,0.4444444444444444,0.7857142857142857,1.0
agent,0.9,0.3,150,55,23,0.8545454545454545,0.7121212121212122,0.8484848484848485,0.43333333333333335,74.76551999999991,0.8571428571428571,1.0,1.0,1.0,0.2222222222222222,0.4444444444444444,0.7857142857142857,1.0
agent,0.9,0.35,150,59,23,0.7966101694915254,0.7121212121212122,0.8484848484848485,0.4066666666666667,74.76551999999991,0.8571428571428571,1.0,1.0,1.0,0.2222222222222222,0.4444444444444444,0.7857142857142857,1.0
agent,0.9,0.4,150,64,23,0.765625,0.7424242424242424,0.8787878787878788,0.37333333333333335,74.76551999999991,0.8571428571428571,1.0,1.0,1.0,0.3333333333333333,0.5555555555555556,0.7857142857142857,1.0
agent,0.9,0.45,150,64,23,0.765625,0.7424242424242424,0.8787878787878788,0.37333333333333335,74.76551999999991,0.8571428571428571,1.0,1.0,1.0,0.3333333333333333,0.5555555555555556,0.7857142857142857,1.0
agent,0.9,0.5,150,64,23,0.765625,0.7424242424242424,0.8787878787878788,0.37333333333333335,74.76551999999991,0.8571428571428571,1.0,1.0,1.0,0.3333333333333333,0.5555555555555556,0.7857142857142857,1.0
verifier,0.6,0.1,150,40,23,0.975,0.5909090909090909,0.7272727272727273,0.47333333333333333,121.0937799999999,0.6428571428571429,0.7857142857142857,1.0,1.0,0.05555555555555555,0.2777777777777778,0.6428571428571429,0.8571428571428571
verifier,0.6,0.15,150,43,23,0.9767441860465116,0.6363636363636364,0.7727272727272727,0.4533333333333333,121.0937799999999,0.7142857142857143,0.8571428571428571,1.0,1.0,0.16666666666666666,0.3888888888888889,0.6428571428571429,0.8571428571428571
verifier,0.6,0.2,150,48,23,0.9166666666666666,0.6666666666666666,0.803030303030303,0.42,121.0937799999999,0.8571428571428571,1.0,1.0,1.0,0.16666666666666666,0.3888888888888889,0.6428571428571429,0.8571428571428571
verifier,0.6,0.25,150,48,23,0.9166666666666666,0.6666666666666666,0.803030303030303,0.42,121.0937799999999,0.8571428571428571,1.0,1.0,1.0,0.16666666666666666,0.3888888888888889,0.6428571428571429,0.8571428571428571
verifier,0.6,0.3,150,48,23,0.9166666666666666,0.6666666666666666,0.803030303030303,0.42,121.0937799999999,0.8571428571428571,1.0,1.0,1.0,0.16666666666666666,0.3888888888888889,0.6428571428571429,0.8571428571428571
verifier,0.6,0.35,150,49,23,0.8979591836734694,0.6666666666666666,0.803030303030303,0.41333333333333333,121.0937799999999,0.8571428571428571,1.0,1.0,1.0,0.16666666666666666,0.3888888888888889,0.6428571428571429,0.8571428571428571
verifier,0.6,0.4,150,50,23,0.88,0.6666666666666666,0.803030303030303,0.4066666666666667,121.0937799999999,0.8571428571428571,1.0,1.0,1.0,0.16666666666666666,0.3888888888888889,0.6428571428571429,0.8571428571428571
verifier,0.6,0.45,150,53,23,0.8490566037735849,0.6818181818181818,0.8181818181818182,0.38666666666666666,121.0937799999999,0.8571428571428571,1.0,1.0,1.0,0.2222222222222222,0.4444444444444444,0.6428571428571429,0.8571428571428571
verifier,0.6,0.5,150,64,23,0.734375,0.7121212121212122,0.8484848484848485,0.31333333333333335,121.0937799999999,0.8571428571428571,1.0,1.0,1.0,0.3333333333333333,0.5555555555555556,0.6428571428571429,0.8571428571428571
verifier,0.65,0.1,150,40,23,0.975,0.5909090909090909,0.7272727272727273,0.5133333333333333,121.0937799999999,0.6428571428571429,0.7857142857142857,1.0,1.0,0.05555555555555555,0.2777777777777778,0.6428571428571429,0.8571428571428571
verifier,0.65,0.15,150,43,23,0.9767441860465116,0.6363636363636364,0.7727272727272727,0.49333333333333335,121.0937799999999,0.7142857142857143,0.8571428571428571,1.0,1.0,0.16666666666666666,0.3888888888888889,0.6428571428571429,0.8571428571428571
verifier,0.65,0.2,150,48,23,0.9166666666666666,0.6666666666666666,0.803030303030303,0.46,121.0937799999999,0.8571428571428571,1.0,1.0,1.0,0.16666666666666666,0.3888888888888889,0.6428571428571429,0.8571428571428571
verifier,0.65,0.25,150,48,23,0.9166666666666666,0.6666666666666666,0.803030303030303,0.46,121.0937799999999,0.8571428571428571,1.0,1.0,1.0,0.16666666666666666,0.3888888888888889,0.6428571428571429,0.8571428571428571
verifier,0.65,0.3,150,48,23,0.9166666666666666,0.6666666666666666,0.803030303030303,0.46,121.0937799999999,0.8571428571428571,1.0,1.0,1.0,0.16666666666666666,0.3888888888888889,0.6428571428571429,0.8571428571428571
verifier,0.65,0.35,150,49,23,0.8979591836734694,0.6666666666666666,0.803030303030303,0.4533333333333333,121.0937799999999,0.8571428571428571,1.0,1.0,1.0,0.16666666666666666,0.3888888888888889,0.6428571428571429,0.8571428571428571
verifier,0.65,0.4,150,50,23,0.88,0.6666666666666666,0.803030303030303,0.44666666666666666,121.0937799999999,0.8571428571428571,1.0,1.0,1.0,0.16666666666666666,0.3888888888888889,0.6428571428571429,0.8571428571428571
verifier,0.65,0.45,150,53,23,0.8490566037735849,0.6818181818181818,0.8181818181818182,0.4266666666666667,121.0937799999999,0.8571428571428571,1.0,1.0,1.0,0.2222222222222222,0.4444444444444444,0.6428571428571429,0.8571428571428571
verifier,0.65,0.5,150,64,23,0.734375,0.7121212121212122,0.8484848484848485,0.35333333333333333,121.0937799999999,0.8571428571428571,1.0,1.0,1.0,0.3333333333333333,0.5555555555555556,0.6428571428571429,0.8571428571428571
verifier,0.7,0.1,150,40,23,0.975,0.5909090909090909,0.7272727272727273,0.5533333333333333,121.0937799999999,0.6428571428571429,0.7857142857142857,1.0,1.0,0.05555555555555555,0.2777777777777778,0.6428571428571429,0.8571428571428571
verifier,0.7,0.15,150,43,23,0.9767441860465116,0.6363636363636364,0.7727272727272727,0.5333333333333333,121.0937799999999,0.7142857142857143,0.8571428571428571,1.0,1.0,0.16666666666666666,0.3888888888888889,0.6428571428571429,0.8571428571428571
verifier,0.7,0.2,150,48,23,0.9166666666666666,0.6666666666666666,0.803030303030303,0.5,121.0937799999999,0.8571428571428571,1.0,1.0,1.0,0.16666666666666666,0.3888888888888889,0.6428571428571429,0.8571428571428571
verifier,0.7,0.25,150,48,23,0.9166666666666666,0.6666666666666666,0.803030303030303,0.5,121.0937799999999,0.8571428571428571,1.0,1.0,1.0,0.16666666666666666,0.3888888888888889,0.6428571428571429,0.8571428571428571
verifier,0.7,0.3,150,48,23,0.9166666666666666,0.6666666666666666,0.803030303030303,0.5,121.0937799999999,0.8571428571428571,1.0,1.0,1.0,0.16666666666666666,0.3888888888888889,0.6428571428571429,0.8571428571428571
verifier,0.7,0.35,150,49,23,0.8979591836734694,0.6666666666666666,0.803030303030303,0.49333333333333335,121.0937799999999,0.8571428571428571,1.0,1.0,1.0,0.16666666666666666,0.3888888888888889,0.6428571428571429,0.8571428571428571
verifier,0.7,0.4,150,50,23,0.88,0.6666666666666666,0.803030303030303,0.4866666666666667,121.0937799999999,0.8571428571428571,1.0,1.0,1.0,0.16666666666666666,0.3888888888888889,0.6428571428571429,0.8571428571428571
verifier,0.7,0.45,150,53,23,0.8490566037735849,0.6818181818181818,0.8181818181818182,0.4666666666666667,121.0937799999999,0.8571428571428571,1.0,1.0,1.0,0.2222222222222222,0.4444444444444444,0.6428571428571429,0.8571428571428571
verifier,0.7,0.5,150,64,23,0.734375,0.7121212121212122,0.8484848484848485,0.3933333333333333,121.0937799999999,0.8571428571428571,1.0,1.0,1.0,0.3333333333333333,0.5555555555555556,0.6428571428571429,0.8571428571428571
verifier,0.75,0.1,150,40,23,0.975,0.5909090909090909,0.7272727272727273,0.5533333333333333,121.0937799999999,0.6428571428571429,0.7857142857142857,1.0,1.0,0.05555555555555555,0.2777777777777778,0.6428571428571429,0.8571428571428571
verifier,0.75,0.15,150,43,23,0.9767441860465116,0.6363636363636364,0.7727272727272727,0.5333333333333333,121.0937799999999,0.7142857142857143,0.8571428571428571,1.0,1.0,0.16666666666666666,0.3888888888888889,0.6428571428571429,0.8571428571428571
verifier,0.75,0.2,150,48,23,0.9166666666666666,0.6666666666666666,0.803030303030303,0.5,121.0937799999999,0.8571428571428571,1.0,1.0,1.0,0.16666666666666666,0.3888888888888889,0.6428571428571429,0.8571428571428571
verifier,0.75,0.25,150,48,23,0.9166666666666666,0.6666666666666666,0.803030303030303,0.5,121.0937799999999,0.8571428571428571,1.0,1.0,1.0,0.16666666666666666,0.3888888888888889,0.6428571428571429,0.8571428571428571
verifier,0.75,0.3,150,48,23,0.9166666666666666,0.6666666666666666,0.803030303030303,0.5,121.0937799999999,0.8571428571428571,1.0,1.0,1.0,0.16666666666666666,0.3888888888888889,0.6428571428571429,0.8571428571428571
verifier,0.75,0.35,150,49,23,0.8979591836734694,0.6666666666666666,0.803030303030303,0.49333333333333335,121.0937799999999,0.8571428571428571,1.0,1.0,1.0,0.16666666666666666,0.3888888888888889,0.6428571428571429,0.8571428571428571
verifier,0.75,0.4,150,50,23,0.88,0.6666666666666666,0.803030303030303,0.4866666666666667,121.0937799999999,0.8571428571428571,1.0,1.0,1.0,0.16666666666666666,0.3888888888888889,0.6428571428571429,0.8571428571428571
verifier,0.75,0.45,150,53,23,0.8490566037735849,0.6818181818181818,0.8181818181818182,0.4666666666666667,121.0937799999999,0.8571428571428571,1.0,1.0,1.0,0.2222222222222222,0.4444444444444444,0.6428571428571429,0.8571428571428571
verifier,0.75,0.5,150,64,23,0.734375,0.7121212121212122,0.8484848484848485,0.3933333333333333,121.0937799999999,0.8571428571428571,1.0,1.0,1.0,0.3333333333333333,0.5555555555555556,0.6428571428571429,0.8571428571428571
verifier,0.8,0.1,150,40,23,0.975,0.5909090909090909,0.7272727272727273,0.5533333333333333,121.0937799999999,0.6428571428571429,0.7857142857142857,1.0,1.0,0.05555555555555555,0.2777777777777778,0.6428571428571429,0.8571428571428571
verifier,0.8,0.15,150,43,23,0.9767441860465116,0.6363636363636364,0.7727272727272727,0.5333333333333333,121.0937799999999,0.7142857142857143,0.8571428571428571,1.0,1.0,0.16666666666666666,0.3888888888888889,0.6428571428571429,0.8571428571428571
verifier,0.8,0.2,150,48,23,0.9166666666666666,0.6666666666666666,0.803030303030303,0.5,121.0937799999999,0.8571428571428571,1.0,1.0,1.0,0.16666666666666666,0.3888888888888889,0.6428571428571429,0.8571428571428571
verifier,0.8,0.25,150,48,23,0.9166666666666666,0.6666666666666666,0.803030303030303,0.5,121.0937799999999,0.8571428571428571,1.0,1.0,1.0,0.16666666666666666,0.3888888888888889,0.6428571428571429,0.8571428571428571
verifier,0.8,0.3,150,48,23,0.9166666666666666,0.6666666666666666,0.803030303030303,0.5,121.0937799999999,0.8571428571428571,1.0,1.0,1.0,0.16666666666666666,0.3888888888888889,0.6428571428571429,0.8571428571428571
verifier,0.8,0.35,150,49,23,0.8979591836734694,0.6666666666666666,0.803030303030303,0.49333333333333335,121.0937799999999,0.8571428571428571,1.0,1.0,1.0,0.16666666666666666,0.3888888888888889,0.6428571428571429,0.8571428571428571
verifier,0.8,0.4,150,50,23,0.88,0.6666666666666666,0.803030303030303,0.4866666666666667,121.0937799999999,0.8571428571428571,1.0,1.0,1.0,0.16666666666666666,0.3888888888888889,0.6428571428571429,0.8571428571428571
verifier,0.8,0.45,150,53,23,0.8490566037735849,0.6818181818181818,0.8181818181818182,0.4666666666666667,121.0937799999999,0.8571428571428571,1.0,1.0,1.0,0.2222222222222222,0.4444444444444444,0.6428571428571429,0.8571428571428571
verifier,0.8,0.5,150,64,23,0.734375,0.7121212121212122,0.8484848484848485,0.3933333333333333,121.0937799999999,0.8571428571428571,1.0,1.0,1.0,0.3333333333333333,0.5555555555555556,0.6428571428571429,0.8571428571428571
verifier,0.85,0.1,150,40,23,0.975,0.5909090909090909,0.7272727272727273,0.5666666666666667,121.0937799999999,0.6428571428571429,0.7857142857142857,1.0,1.0,0.05555555555555555,0.2777777777777778,0.6428571428571429,0.8571428571428571
verifier,0.85,0.15,150,43,23,0.9767441860465116,0.6363636363636364,0.7727272727272727,0.5466666666666666,121.0937799999999,0.7142857142857143,0.8571428571428571,1.0,1.0,0.16666666666666666,0.3888888888888889,0.6428571428571429,0.8571428571428571
verifier,0.85,0.2,150,48,23,0.9166666666666666,0.6666666666666666,0.803030303030303,0.5133333333333333,121.0937799999999,0.8571428571428571,1.0,1.0,1.0,0.16666666666666666,0.3888888888888889,0.6428571428571429,0.8571428571428571
verifier,0.85,0.25,150,48,23,0.9166666666666666,0.6666666666666666,0.803030303030303,0.5133333333333333,121.0937799999999,0.8571428571428571,1.0,1.0,1.0,0.16666666666666666,0.3888888888888889,0.6428571428571429,0.8571428571428571
verifier,0.85,0.3,150,48,23,0.9166666666666666,0.6666666666666666,0.803030303030303,0.5133333333333333,121.0937799999999,0.8571428571428571,1.0,1.0,1.0,0.16666666666666666,0.3888888888888889,0.6428571428571429,0.8571428571428571
verifier,0.85,0.35,150,49,23,0.8979591836734694,0.6666666666666666,0.803030303030303,0.5066666666666667,121.0937799999999,0.8571428571428571,1.0,1.0,1.0,0.16666666666666666,0.3888888888888889,0.6428571428571429,0.8571428571428571
verifier,0.85,0.4,150,50,23,0.88,0.6666666666666666,0.803030303030303,0.5,121.0937799999999,0.8571428571428571,1.0,1.0,1.0,0.16666666666666666,0.3888888888888889,0.6428571428571429,0.8571428571428571
verifier,0.85,0.45,150,53,23,0.8490566037735849,0.6818181818181818,0.8181818181818182,0.48,121.0937799999999,0.8571428571428571,1.0,1.0,1.0,0.2222222222222222,0.4444444444444444,0.6428571428571429,0.8571428571428571
verifier,0.85,0.5,150,64,23,0.734375,0.7121212121212122,0.8484848484848485,0.4066666666666667,121.0937799999999,0.8571428571428571,1.0,1.0,1.0,0.3333333333333333,0.5555555555555556,0.6428571428571429,0.8571428571428571
verifier,0.9,0.1,150,40,23,0.975,0.5909090909090909,0.7272727272727273,0.6066666666666667,121.0937799999999,0.6428571428571429,0.7857142857142857,1.0,1.0,0.05555555555555555,0.2777777777777778,0.6428571428571429,0.8571428571428571
verifier,0.9,0.15,150,43,23,0.9767441860465116,0.6363636363636364,0.7727272727272727,0.5866666666666667,121.0937799999999,0.7142857142857143,0.8571428571428571,1.0,1.0,0.16666666666666666,0.3888888888888889,0.6428571428571429,0.8571428571428571
verifier,0.9,0.2,150,48,23,0.9166666666666666,0.6666666666666666,0.803030303030303,0.5533333333333333,121.0937799999999,0.8571428571428571,1.0,1.0,1.0,0.16666666666666666,0.3888888888888889,0.6428571428571429,0.8571428571428571
verifier,0.9,0.25,150,48,23,0.9166666666666666,0.6666666666666666,0.803030303030303,0.5533333333333333,121.0937799999999,0.8571428571428571,1.0,1.0,1.0,0.16666666666666666,0.3888888888888889,0.6428571428571429,0.8571428571428571
verifier,0.9,0.3,150,48,23,0.9166666666666666,0.6666666666666666,0.803030303030303,0.5533333333333333,121.0937799999999,0.8571428571428571,1.0,1.0,1.0,0.16666666666666666,0.3888888888888889,0.6428571428571429,0.8571428571428571
verifier,0.9,0.35,150,49,23,0.8979591836734694,0.6666666666666666,0.803030303030303,0.5466666666666666,121.0937799999999,0.8571428571428571,1.0,1.0,1.0,0.16666666666666666,0.3888888888888889,0.6428571428571429,0.8571428571428571
verifier,0.9,0.4,150,50,23,0.88,0.6666666666666666,0.803030303030303,0.54,121.0937799999999,0.8571428571428571,1.0,1.0,1.0,0.16666666666666666,0.3888888888888889,0.6428571428571429,0.8571428571428571
verifier,0.9,0.45,150,53,23,0.8490566037735849,0.6818181818181818,0.8181818181818182,0.52,121.0937799999999,0.8571428571428571,1.0,1.0,1.0,0.2222222222222222,0.4444444444444444,0.6428571428571429,0.8571428571428571
verifier,0.9,0.5,150,64,23,0.734375,0.7121212121212122,0.8484848484848485,0.44666666666666666,121.0937799999999,0.8571428571428571,1.0,1.0,1.0,0.3333333333333333,0.5555555555555556,0.6428571428571429,0.8571428571428571
